<?xml version="1.0" encoding="UTF-8"?>
<project-private xmlns="http://www.netbeans.org/ns/project-private/1">
    <editor-bookmarks xmlns="http://www.netbeans.org/ns/editor-bookmarks/2" lastBookmarkId="0"/>
    <open-files xmlns="http://www.netbeans.org/ns/projectui-open-files/2">
        <group>
            <file>file:/D:/DAW/Programacion/3ro/DAW_PRO/1DAW/SP7%20con%20base%20de%20datos/TejeraSantana_Adoney_supuesto_practico_ut7/src/model/sistema_pedidos/AddProductosModel.java</file>
            <file>file:/D:/DAW/Programacion/3ro/DAW_PRO/1DAW/SP7%20con%20base%20de%20datos/TejeraSantana_Adoney_supuesto_practico_ut7/src/controller/InicioController.java</file>
            <file>file:/D:/DAW/Programacion/3ro/DAW_PRO/1DAW/SP7%20con%20base%20de%20datos/TejeraSantana_Adoney_supuesto_practico_ut7/src/model/datos/rutas.properties</file>
            <file>file:/D:/DAW/Programacion/3ro/DAW_PRO/1DAW/SP7%20con%20base%20de%20datos/TejeraSantana_Adoney_supuesto_practico_ut7/src/controller/sistema_pedidos/nuevo_pedido/NuevoPedidoController.java</file>
            <file>file:/D:/DAW/Programacion/3ro/DAW_PRO/1DAW/SP7%20con%20base%20de%20datos/TejeraSantana_Adoney_supuesto_practico_ut7/src/model/sistema_pedidos/MesasModel.java</file>
        </group>
    </open-files>
</project-private>
