<?xml version="1.0" encoding="UTF-8"?>
<project-private xmlns="http://www.netbeans.org/ns/project-private/1">
    <editor-bookmarks xmlns="http://www.netbeans.org/ns/editor-bookmarks/2" lastBookmarkId="0"/>
    <open-files xmlns="http://www.netbeans.org/ns/projectui-open-files/2">
        <group>
            <file>file:/E:/DAW/Programacion/3ro/DAW_PRO/1DAW/TejeraSantana_Adoney_actividades_ut6/src/tejerasantana_adoney_actividades_ut6/Principal.java</file>
            <file>file:/E:/DAW/Programacion/3ro/DAW_PRO/1DAW/TejeraSantana_Adoney_actividades_ut6/src/tejerasantana_adoney_actividades_ut6/CuentaCorrienteEmpresa.java</file>
            <file>file:/E:/DAW/Programacion/3ro/DAW_PRO/1DAW/TejeraSantana_Adoney_actividades_ut6/src/tejerasantana_adoney_actividades_ut6/CuentaAhorro.java</file>
            <file>file:/E:/DAW/Programacion/3ro/DAW_PRO/1DAW/TejeraSantana_Adoney_actividades_ut6/src/tejerasantana_adoney_actividades_ut6/Persona.java</file>
            <file>file:/E:/DAW/Programacion/3ro/DAW_PRO/1DAW/TejeraSantana_Adoney_actividades_ut6/src/tejerasantana_adoney_actividades_ut6/CuentaBancaria.java</file>
            <file>file:/E:/DAW/Programacion/3ro/DAW_PRO/1DAW/TejeraSantana_Adoney_actividades_ut6/src/tejerasantana_adoney_actividades_ut6/CuentaCorriente.java</file>
            <file>file:/E:/DAW/Programacion/3ro/DAW_PRO/1DAW/TejeraSantana_Adoney_actividades_ut6/src/tejerasantana_adoney_actividades_ut6/CuentaCorrientePersonal.java</file>
            <file>file:/E:/DAW/Programacion/3ro/DAW_PRO/1DAW/TejeraSantana_Adoney_actividades_ut6/src/tejerasantana_adoney_actividades_ut6/Banco.java</file>
        </group>
    </open-files>
</project-private>
