<?xml version="1.0" encoding="UTF-8"?>
<project-private xmlns="http://www.netbeans.org/ns/project-private/1">
    <editor-bookmarks xmlns="http://www.netbeans.org/ns/editor-bookmarks/2" lastBookmarkId="0"/>
    <open-files xmlns="http://www.netbeans.org/ns/projectui-open-files/2">
        <group>
            <file>file:/E:/DAW/Programacion/3ro/DAW_PRO/1DAW/Supuesto%20UT5/TejeraSantana_Adoney_actividades_ut5/src/controller/sistema_pedidos/add_comanda/AddComandaController.java</file>
            <file>file:/E:/DAW/Programacion/3ro/DAW_PRO/1DAW/Supuesto%20UT5/TejeraSantana_Adoney_actividades_ut5/src/controller/InicioController.java</file>
        </group>
    </open-files>
</project-private>
