<?xml version="1.0" encoding="UTF-8"?>
<project-private xmlns="http://www.netbeans.org/ns/project-private/1">
    <editor-bookmarks xmlns="http://www.netbeans.org/ns/editor-bookmarks/2" lastBookmarkId="0"/>
    <open-files xmlns="http://www.netbeans.org/ns/projectui-open-files/2">
        <group>
            <file>file:/E:/DAW/Programacion/3ro/DAW_PRO/1DAW/TejeraSantana_Adoney_practico_ut6/src/controller/GestionCartaController.java</file>
            <file>file:/E:/DAW/Programacion/3ro/DAW_PRO/1DAW/TejeraSantana_Adoney_practico_ut6/src/model/Carta.java</file>
            <file>file:/E:/DAW/Programacion/3ro/DAW_PRO/1DAW/TejeraSantana_Adoney_practico_ut6/src/view/GestionCartaView.java</file>
            <file>file:/E:/DAW/Programacion/3ro/DAW_PRO/1DAW/TejeraSantana_Adoney_practico_ut6/src/model/GestionCartaModel.java</file>
        </group>
    </open-files>
</project-private>
